Nodes,Time
4,0.00026
5,0.00041
6,0.00094
7,0.0022
8,0.0049
9,0.012
10,0.025
11,0.058
12,0.13
13,0.29
14,0.68
15,1.6
16,3.7
17,12.0
