Nodes,Time
4,0.00026
5,0.00036
6,0.00083
7,0.0019
8,0.0041
9,0.0096
10,0.021
11,0.05
12,0.12
13,0.26
14,0.58
15,1.3
16,3.2
17,9.6
