Nodes,Time
4,0.00025
5,0.00041
6,0.00075
7,0.0015
8,0.0032
9,0.0062
10,0.013
11,0.028
12,0.063
13,0.13
14,0.23
15,0.53
16,1.2
17,2.3
