Nodes,Time
4,0.00024
5,0.0003
6,0.00059
7,0.0012
8,0.0024
9,0.007
10,0.015
11,0.035
12,0.07
13,0.16
14,0.38
15,0.89
16,1.8
17,5.0
